<?xml version="1.0" encoding="UTF-8"?>
<beans xmlns="http://www.springframework.org/schema/beans"
    xmlns:xsi="http://www.w3.org/2001/XMLSchema-instance" 
    xmlns:context="http://www.springframework.org/schema/context"
    xsi:schemaLocation="http://www.springframework.org/schema/beans
    http://www.springframework.org/schema/beans/spring-beans.xsd
    http://www.springframework.org/schema/context
    http://www.springframework.org/schema/context/spring-context.xsd">

    <!-- Define your beans here -->
    
    <bean id="trackCoach" class="com.springdemo.TrackCoach"></bean>
    <bean id="baseBallCoach" class="com.springdemo.BaseBallCoach"></bean>
    
    <bean id="myLoggerConfig" class="com.springdemo.MyLoggerConfig" init-method="initLogger"> 
    <property name="rootLoggerLevel" value="FINE"/>
    <property name="printedLoggerLevel" value="FINE" />
    </bean>
</beans>





